x	y
1.9546069313489	0.460412245381477
1.95733767915288	0.46077898524688
-0.343614950418389	0.100353977595961
1.95373899190972	0.460332693481441
1.95373899190972	0.460332693481441
1.95373899190972	0.460332693481441
1.4420767310292	0.484387465743625
1.45598541563742	0.488399771900037
2.74958998501656	0.787920507210083
2.74958998501656	0.787920507210083
1.95373899190972	0.460332693481441
0.939298703364537	0.250809511779044
2.7486062124648	0.786021619850662
0.938786187734731	0.250272333462114
0.159873979297135	0.0482815097019209
0.943029051172106	0.251479485037243
0.144624243113007	0.0277697138706121
1.95373899190972	0.460332693481441
1.44746976337709	0.486785860941538
1.95373899190972	0.460332693481441
0.664537539501677	0.213141860355242
