x	y	clickSelects
0.0574695262288301	-2.13878768468567	62
-0.11236349083277	-2.06735011033473	62
-0.12480759734606	-2.04404569212771	363
0.0168374948633601	-2.47049517225109	62
0.01724328172038	-2.47191004225787	62
-0.0416468901035398	-2.28877837797986	428
0.02530249614041	-2.49790851105599	428
-0.0525356806264199	-2.26316538889728	98
-0.10881827906555	-1.5748831384295	103
-0.0554780581236698	-1.75450985112752	59
-0.11526156396019	-1.54178647487477	59
0.02713441278769	-1.6182102366305	151
0.0231974864896101	-2.48888797382683	2951
-0.0569101461296002	-2.25991278945055	59
-0.11455042269188	-2.0732872033308	640
0.12384159142985	-2.34270639638764	640
-0.00607776970791019	-1.93093208726066	640
-0.10467378484255	-1.56800608724136	631
-0.0465152538019602	-2.27372331086994	27
0.12206288030195	-2.33779735674065	1208
0.02633944114054	-2.48525651195884	461
0.0228714476499601	-2.48362676677646	138
0.11700387359306	-2.31844483250337	58
0.0226024591971701	-2.4929277966756	2543
-0.03951075439993	-2.31035375741692	81
0.02441225119141	-2.49101694845173	27
0.0242257435134601	-2.48171149296671	28
0.01894711630267	-2.47489196029064	588
0.0795977908736001	-1.81627827070351	288
0.0220568355244699	-2.48164535121615	588
0.02963324815401	-2.49661278894195	1293
-0.1070943243514	-2.0977122301448	1293
0.12480365484571	-2.33711655715872	486
-0.0586998014770499	-2.26354512870219	3748
-0.0471032323930301	-2.2726496742185	750
0.1166369037655	-2.31879261777444	730
-0.10745489123659	-2.08043794200959	1386
0.11960787158754	-2.33184325436427	1501
0.0259333531313899	-2.48459624952509	938
-0.0503820782683602	-2.26454883530047	23
0.02215428449162	-2.48619328755146	36
0.02453299749329	-2.49002752881163	1067
-0.05363628866023	-2.26163118744641	44
0.10918335280768	-2.30999141530152	36
0.1175057023616	-2.32283024335568	36
-0.0402440015269598	-2.31014791035325	1024
0.12303179732368	-2.35232279348596	1024
0.12384159142985	-2.34270639638764	889
0.0191287844360399	-2.4794030755247	34
0.10622773677743	-2.30481099250388	1594
0.0559845616526999	-2.12859862898847	1475
-0.0458931815443999	-2.28061027591386	551
0.0345271667440401	-1.64604518198769	4
0.02106482978089	-2.4883793347944	4
-0.0442283666177699	-2.27740130593065	5475
0.0108160165662201	-1.97559738686034	212
0.0764516468863801	-1.81482583554292	6
0.03343655692461	-1.64230874916366	212
0.0474813915852099	-1.32812461549444	34
0.0220568355244699	-2.48164535121615	4190
-0.0487003238066501	-2.27555739261319	322
-0.12066042518296	-1.52604393362423	212
0.0579678787487701	-2.14388713139301	6
0.0461953607293599	-0.247911072886654	42
0.0150295727948899	-2.46906843720833	331
0.03872695473771	1.13744106234534	42
0.11369990720556	-2.31637318925982	17
0.10734432817634	-1.5659428168146	331
-0.0461925207949401	-2.28589680135584	1429
0.0661004022335701	-2.15180920091458	34
0.0244498177593699	-2.48840343241899	1742
-0.11990068926525	-2.05508220694218	5
-0.05272132123183	-1.75844878663973	166
-0.0579481499901302	-1.75024688809936	343
0.03406821486784	-1.63693840392097	132
-0.0446254054139499	-2.27706506254573	89
0.0547349570461999	-1.35229203755773	166
0.11960787158754	-2.33184325436427	89
-0.0432329888205301	-2.28048715675013	214
0.06675520690242	-2.16957350128569	89
0.12011741988598	-2.33469100415053	89
-0.04770402247255	-2.26950347829363	166
-0.10906210241719	-2.07687716419694	132
-0.00275618206915995	-1.93179128947787	166
0.00538400554947005	-1.96542694394799	303
0.12094020938924	-0.678600171973244	1185
0.10758839305297	-1.55733365653489	2261
-0.00411437848392993	-1.50032854714321	1039
-0.04209681176359	-2.30749154971805	132
0.0848883891465899	0.160091223365651	1185
-0.12126588648698	-2.05078742146262	1039
0.10087104140613	0.386237987730299	3260
0.12233907073799	-1.28349110145459	1953
-0.0593239850166398	-1.74121810048899	176
-0.12087931379537	-2.0530829603217	176
-0.0577400632381302	-1.76161257294262	176
0.06567465852816	-2.17382706408461	176
0.05880075004367	-2.13228403878899	3183
0.0829084421503099	-1.1147485584314	140
-0.04166494432129	-2.3007565577409	140
